{
  "project_info": {
    "project_number": "871649140161",
    "project_id": "vivah-bf3f8",
    "storage_bucket": "vivah-bf3f8.appspot.com"
  },
  "client": [
    {
      "client_info": {
        "mobilesdk_app_id": "1:871649140161:android:e0b8d43fa2181b2a442340",
        "android_client_info": {
          "package_name": "com.example.vivah"
        }
      },
      "oauth_client": [
        {
          "client_id": "871649140161-84i9mhbh5eq07q2j6p3ldpvd75mvevpu.apps.googleusercontent.com",
          "client_type": 3
        }
      ],
      "api_key": [
        {
          "current_key": "AIzaSyDD06jq0ND3WXGDJf_rjQdVtSFE0KJwHKo"
        }
      ],
      "services": {
        "appinvite_service": {
          "other_platform_oauth_client": [
            {
              "client_id": "871649140161-84i9mhbh5eq07q2j6p3ldpvd75mvevpu.apps.googleusercontent.com",
              "client_type": 3
            }
          ]
        }
      }
    }
  ],
  "configuration_version": "1"
}